[{"@type":"workflow","id":"@1","name":"Ioad_Payment_Taskflow","errorTaskEmail":{"@type":"taskEmail","id":182589,"emails":"lpenke@informatica.com","emailType":"ERROR"},"successTaskEmail":{"@type":"taskEmail","id":182590,"emails":"lpenke@informatica.com","emailType":"SUCCESS"},"warningTaskEmail":{"@type":"taskEmail","id":182591,"emails":"lpenke@informatica.com","emailType":"WARNING"},"maxLogs":10,"references":[{"@type":"reference","refObjectId":"@2vFmPUHmAEJlJWyGbWvKCa","refType":"dssTask"},{"@type":"reference","refObjectId":"@gMKlqk3duSfdsq5NlO4Jeq","refType":"dssTask"},{"@type":"reference","refObjectId":"@3U2AVcB8l95hrWCWKlRemR","refType":"dssTask"},{"@type":"reference","refObjectId":"@gw1S8zN908kcZVvEVCbLqr","refType":"dMaskTask"}],"tasks":[{"@type":"workflowTask","taskId":"@2vFmPUHmAEJlJWyGbWvKCa","type":"DSS","name":"OutletsLoad","stopOnError":true,"stopOnWarning":true},{"@type":"workflowTask","taskId":"@gMKlqk3duSfdsq5NlO4Jeq","type":"DSS","name":"Employee","stopOnError":true,"stopOnWarning":true},{"@type":"workflowTask","taskId":"@3U2AVcB8l95hrWCWKlRemR","type":"DSS","name":"SyncUpsert","stopOnError":true,"stopOnWarning":true},{"@type":"workflowTask","taskId":"@gw1S8zN908kcZVvEVCbLqr","type":"DMASK","name":"PhoneNumber_Masking","stopOnError":true,"stopOnWarning":true}]}]