[{"@type":"mappingTemplate","id":"@1","name":"Full_outer_join","description":"","bundleVersion":"0","templateId":"@3","hasParameters":false,"valid":true,"fixedConnection":true,"hasParametersDeployed":false,"fixedConnectionDeployed":false,"isSchemaValidationEnabled":false,"tasks":0,"mappingPreviewFileRecordId":"@2","documentType":"MAPPING","references":[{"@type":"reference","refObjectId":"@7PuaEhhoFMjjBbmlYoseka","refType":"connection"},{"@type":"reference","refObjectId":"@2LrXDGURhT5buO7AhyUCk8","refType":"connection"}]}]