[{"@type":"mappingTemplate","id":"@1","name":"DataMaskTransform","description":"","bundleVersion":"0","templateId":"@3","deployTime":1697176705000,"hasParameters":false,"valid":true,"fixedConnection":true,"hasParametersDeployed":false,"fixedConnectionDeployed":true,"isSchemaValidationEnabled":false,"tasks":0,"mappingPreviewFileRecordId":"@2","documentType":"MAPPING","references":[{"@type":"reference","refObjectId":"@7PuaEhhoFMjjBbmlYoseka","refType":"connection"},{"@type":"reference","refObjectId":"@2LrXDGURhT5buO7AhyUCk8","refType":"connection"}]}]